{"mean":{"confidence_interval":{"confidence_level":0.95,"lower_bound":0.020216189162646947,"upper_bound":0.04011222850937491},"point_estimate":0.030401203762755236,"standard_error":0.0050819314712396545},"median":{"confidence_interval":{"confidence_level":0.95,"lower_bound":0.01678826124493149,"upper_bound":0.042450052194263455},"point_estimate":0.02908203403936116,"standard_error":0.006385742372794188}}