{"mean":{"confidence_interval":{"confidence_level":0.95,"lower_bound":-0.026600034097549474,"upper_bound":-0.00428225562112357},"point_estimate":-0.015353526605831558,"standard_error":0.005734016722221859},"median":{"confidence_interval":{"confidence_level":0.95,"lower_bound":-0.025206966536343245,"upper_bound":0.005760263418528089},"point_estimate":-0.01217999497911737,"standard_error":0.007814994985784014}}