{"mean":{"confidence_interval":{"confidence_level":0.95,"lower_bound":0.006231539907259472,"upper_bound":0.05348884922981476},"point_estimate":0.029205250559675155,"standard_error":0.012078853313034201},"median":{"confidence_interval":{"confidence_level":0.95,"lower_bound":0.010019051190672368,"upper_bound":0.04962341187529651},"point_estimate":0.03162467684287651,"standard_error":0.009896617783833671}}