{"mean":{"confidence_interval":{"confidence_level":0.95,"lower_bound":-0.003248535488174629,"upper_bound":0.027335161096824448},"point_estimate":0.010737207488457745,"standard_error":0.007843371545384236},"median":{"confidence_interval":{"confidence_level":0.95,"lower_bound":-0.011266766063573823,"upper_bound":0.007155293221073888},"point_estimate":-0.0033788683034418066,"standard_error":0.00465982352924765}}