{"mean":{"confidence_interval":{"confidence_level":0.95,"lower_bound":14145.877323697168,"upper_bound":14877.717362109413},"point_estimate":14504.179716409739,"standard_error":186.1953648207759},"median":{"confidence_interval":{"confidence_level":0.95,"lower_bound":14656.449341555184,"upper_bound":15162.396709030101},"point_estimate":14943.932353298875,"standard_error":175.94828044004262},"median_abs_dev":{"confidence_interval":{"confidence_level":0.95,"lower_bound":316.7477766798361,"upper_bound":1527.0888120110435},"point_estimate":582.3056087982203,"standard_error":309.0059759445403},"slope":{"confidence_interval":{"confidence_level":0.95,"lower_bound":13286.760611939337,"upper_bound":13929.63328929734},"point_estimate":13562.331001564135,"standard_error":164.54382521839997},"std_dev":{"confidence_interval":{"confidence_level":0.95,"lower_bound":1000.500780033488,"upper_bound":1727.6659992344119},"point_estimate":1336.4901502192663,"standard_error":197.64822819062942}}