{"mean":{"confidence_interval":{"confidence_level":0.95,"lower_bound":-0.2036199212937847,"upper_bound":0.23329514916791855},"point_estimate":0.004319006223481248,"standard_error":0.1126243852612389},"median":{"confidence_interval":{"confidence_level":0.95,"lower_bound":-0.04159268287127782,"upper_bound":0.10824524442376449},"point_estimate":0.025769787096731278,"standard_error":0.037262464950937935}}