{"mean":{"confidence_interval":{"confidence_level":0.95,"lower_bound":0.002274012503973432,"upper_bound":0.031878468438530594},"point_estimate":0.016925968777202538,"standard_error":0.007567525207276171},"median":{"confidence_interval":{"confidence_level":0.95,"lower_bound":0.007196131697904141,"upper_bound":0.04169811217239028},"point_estimate":0.025181849941096734,"standard_error":0.008003271213251667}}