{"mean":{"confidence_interval":{"confidence_level":0.95,"lower_bound":-0.10363080007948963,"upper_bound":0.08650173675890738},"point_estimate":-0.014930384864980661,"standard_error":0.04860012619067165},"median":{"confidence_interval":{"confidence_level":0.95,"lower_bound":-0.014484432957227233,"upper_bound":0.05515176969161306},"point_estimate":0.012236543405057754,"standard_error":0.018896138996967234}}