{"mean":{"confidence_interval":{"confidence_level":0.95,"lower_bound":-0.019325785475864686,"upper_bound":0.025633961024510668},"point_estimate":0.0014327277605301614,"standard_error":0.011438873122917826},"median":{"confidence_interval":{"confidence_level":0.95,"lower_bound":-0.01135161203559909,"upper_bound":0.02249429745261944},"point_estimate":0.007184720926931121,"standard_error":0.008767960444032788}}