{"mean":{"confidence_interval":{"confidence_level":0.95,"lower_bound":-0.177012877420109,"upper_bound":-0.009771915934866147},"point_estimate":-0.09926296818635871,"standard_error":0.04251868978285008},"median":{"confidence_interval":{"confidence_level":0.95,"lower_bound":-0.16100214009442704,"upper_bound":-0.11209903852294534},"point_estimate":-0.13040211320874429,"standard_error":0.012274914823601291}}