{"mean":{"confidence_interval":{"confidence_level":0.95,"lower_bound":-0.09919317110662608,"upper_bound":0.04713911899832088},"point_estimate":-0.027218086471793357,"standard_error":0.03708604647764922},"median":{"confidence_interval":{"confidence_level":0.95,"lower_bound":-0.05452200810183916,"upper_bound":-0.012785542819171325},"point_estimate":-0.031019158414113734,"standard_error":0.010758735117152491}}