{"mean":{"confidence_interval":{"confidence_level":0.95,"lower_bound":-0.04421719562279746,"upper_bound":-0.0022010291674647736},"point_estimate":-0.019746015294933028,"standard_error":0.011000956094807519},"median":{"confidence_interval":{"confidence_level":0.95,"lower_bound":-0.022317909358586574,"upper_bound":-0.002421937797626117},"point_estimate":-0.01071051085171748,"standard_error":0.0049427011576122495}}