{"mean":{"confidence_interval":{"confidence_level":0.95,"lower_bound":-0.07383147480863379,"upper_bound":0.12451312748307419},"point_estimate":0.018593931372595573,"standard_error":0.05056909515071106},"median":{"confidence_interval":{"confidence_level":0.95,"lower_bound":-0.004094732696597991,"upper_bound":0.02854998233079109},"point_estimate":0.016748442331793623,"standard_error":0.008722887110784719}}