{"mean":{"confidence_interval":{"confidence_level":0.95,"lower_bound":0.11572751983640354,"upper_bound":0.18277881924862585},"point_estimate":0.14405559256760614,"standard_error":0.016559466321614216},"median":{"confidence_interval":{"confidence_level":0.95,"lower_bound":0.14765276603277577,"upper_bound":0.18206337453244847},"point_estimate":0.16525420876130315,"standard_error":0.009465448788402789}}