{"mean":{"confidence_interval":{"confidence_level":0.95,"lower_bound":-0.02784000945072625,"upper_bound":0.0764810585446398},"point_estimate":0.022367614291049165,"standard_error":0.02642140712130395},"median":{"confidence_interval":{"confidence_level":0.95,"lower_bound":-0.057977561118196526,"upper_bound":0.03787971398562506},"point_estimate":-0.005309430315941888,"standard_error":0.026275197182726744}}