{"mean":{"confidence_interval":{"confidence_level":0.95,"lower_bound":347.93942381812997,"upper_bound":352.87701380880293},"point_estimate":350.37334356501776,"standard_error":1.2585777022259026},"median":{"confidence_interval":{"confidence_level":0.95,"lower_bound":345.96488948542026,"upper_bound":354.19434235095866},"point_estimate":349.62549322593725,"standard_error":2.096651968040836},"median_abs_dev":{"confidence_interval":{"confidence_level":0.95,"lower_bound":6.688448738777116,"upper_bound":12.007797313266304},"point_estimate":9.637324276333402,"standard_error":1.3851971068661697},"slope":{"confidence_interval":{"confidence_level":0.95,"lower_bound":347.82431750238396,"upper_bound":353.53347191700027},"point_estimate":350.75201507239916,"standard_error":1.453545221305732},"std_dev":{"confidence_interval":{"confidence_level":0.95,"lower_bound":7.231244344413354,"upper_bound":10.624698023297505},"point_estimate":9.029302240580728,"standard_error":0.8674658352654843}}