{"mean":{"confidence_interval":{"confidence_level":0.95,"lower_bound":-0.04724053509010396,"upper_bound":-0.00015617194058997904},"point_estimate":-0.02220803854348541,"standard_error":0.012004903360072343},"median":{"confidence_interval":{"confidence_level":0.95,"lower_bound":-0.026625172710851408,"upper_bound":-0.0031101566336716457},"point_estimate":-0.013770982312689695,"standard_error":0.006308591575384902}}