{"mean":{"confidence_interval":{"confidence_level":0.95,"lower_bound":-0.02910049639480936,"upper_bound":-0.0096006989944684},"point_estimate":-0.018819391948367348,"standard_error":0.004966921363235549},"median":{"confidence_interval":{"confidence_level":0.95,"lower_bound":-0.027297020578470166,"upper_bound":-0.007590626842666759},"point_estimate":-0.016642457058077986,"standard_error":0.004802141019670598}}