{"mean":{"confidence_interval":{"confidence_level":0.95,"lower_bound":-0.034995986628629606,"upper_bound":-0.009573412600543814},"point_estimate":-0.022309414008000794,"standard_error":0.006509788439622731},"median":{"confidence_interval":{"confidence_level":0.95,"lower_bound":-0.03875140936171384,"upper_bound":-0.0041176528879688775},"point_estimate":-0.01804551022639933,"standard_error":0.009145267309128477}}