{"mean":{"confidence_interval":{"confidence_level":0.95,"lower_bound":-0.1084742473352103,"upper_bound":0.03946804228313416},"point_estimate":-0.04194142903861209,"standard_error":0.03751388525881634},"median":{"confidence_interval":{"confidence_level":0.95,"lower_bound":-0.03184053012231258,"upper_bound":0.01025821385253578},"point_estimate":-0.0169180571503047,"standard_error":0.011020241219494782}}