{"mean":{"confidence_interval":{"confidence_level":0.95,"lower_bound":-0.015276705029725486,"upper_bound":0.05477121420459964},"point_estimate":0.019410193618155658,"standard_error":0.017941307642362778},"median":{"confidence_interval":{"confidence_level":0.95,"lower_bound":-0.012282469652006078,"upper_bound":0.1452062999636592},"point_estimate":0.007484545097519613,"standard_error":0.04230003390401524}}