{"mean":{"confidence_interval":{"confidence_level":0.95,"lower_bound":-0.039736117306605374,"upper_bound":0.0330552686445214},"point_estimate":-0.0037134665591527227,"standard_error":0.01876560895104772},"median":{"confidence_interval":{"confidence_level":0.95,"lower_bound":-0.02023998334127186,"upper_bound":0.006770912390262618},"point_estimate":-0.008890651643346348,"standard_error":0.0070579372227014825}}