{"mean":{"confidence_interval":{"confidence_level":0.95,"lower_bound":-0.0054827925897262784,"upper_bound":0.01818103690436511},"point_estimate":0.005888305994486531,"standard_error":0.006021195186168842},"median":{"confidence_interval":{"confidence_level":0.95,"lower_bound":-0.011110615705779365,"upper_bound":0.020473869354051377},"point_estimate":0.003512800963878515,"standard_error":0.008109752920993437}}