{"mean":{"confidence_interval":{"confidence_level":0.95,"lower_bound":0.02989936647886132,"upper_bound":0.05909756099868144},"point_estimate":0.04470531299617164,"standard_error":0.007421880076824689},"median":{"confidence_interval":{"confidence_level":0.95,"lower_bound":0.02176933272012005,"upper_bound":0.06225486352094012},"point_estimate":0.04187874197711117,"standard_error":0.010654270330819412}}