{"mean":{"confidence_interval":{"confidence_level":0.95,"lower_bound":-0.04007669972574753,"upper_bound":-0.01817157951338197},"point_estimate":-0.02948851747450376,"standard_error":0.005594710291086629},"median":{"confidence_interval":{"confidence_level":0.95,"lower_bound":-0.04707020198794554,"upper_bound":-0.02291247866413204},"point_estimate":-0.03565342543417904,"standard_error":0.005965843002671062}}