{"mean":{"confidence_interval":{"confidence_level":0.95,"lower_bound":-0.1643171603570126,"upper_bound":0.20183066390323204},"point_estimate":-0.00105285055828519,"standard_error":0.09401633497020984},"median":{"confidence_interval":{"confidence_level":0.95,"lower_bound":-0.1862349327987114,"upper_bound":0.18587416186356465},"point_estimate":-0.0029509010246128176,"standard_error":0.09177818596852906}}