{"mean":{"confidence_interval":{"confidence_level":0.95,"lower_bound":0.00017177267434980199,"upper_bound":0.02246267286919168},"point_estimate":0.011222608039395565,"standard_error":0.005681281858266561},"median":{"confidence_interval":{"confidence_level":0.95,"lower_bound":0.0006967106851219659,"upper_bound":0.029582920911305655},"point_estimate":0.017893845695802213,"standard_error":0.007112919494064344}}