{"mean":{"confidence_interval":{"confidence_level":0.95,"lower_bound":-0.16004014952251855,"upper_bound":0.0654466551266796},"point_estimate":-0.049708769600348424,"standard_error":0.0574834473945875},"median":{"confidence_interval":{"confidence_level":0.95,"lower_bound":-0.07032617869903413,"upper_bound":-0.016875040052518053},"point_estimate":-0.03831762433553676,"standard_error":0.01413570547469456}}