{"mean":{"confidence_interval":{"confidence_level":0.95,"lower_bound":-0.030006062710610414,"upper_bound":-0.007425185295930923},"point_estimate":-0.018604301515410482,"standard_error":0.005756284509419513},"median":{"confidence_interval":{"confidence_level":0.95,"lower_bound":-0.029636348912617128,"upper_bound":-0.01011910292021045},"point_estimate":-0.020395977599167003,"standard_error":0.0050235885835866415}}