{"mean":{"confidence_interval":{"confidence_level":0.95,"lower_bound":-0.0023903848892145186,"upper_bound":0.08422706671589822},"point_estimate":0.0411609795249499,"standard_error":0.02208543584189469},"median":{"confidence_interval":{"confidence_level":0.95,"lower_bound":0.026621911899582518,"upper_bound":0.05597668793331856},"point_estimate":0.04183602201804626,"standard_error":0.007110641614728712}}