{"mean":{"confidence_interval":{"confidence_level":0.95,"lower_bound":-0.0937297102397439,"upper_bound":0.15234261524730414},"point_estimate":0.021809477675391653,"standard_error":0.06242407575229263},"median":{"confidence_interval":{"confidence_level":0.95,"lower_bound":-0.026014025838564714,"upper_bound":0.09405844373891914},"point_estimate":0.027475798221530567,"standard_error":0.031138250448372807}}