{"mean":{"confidence_interval":{"confidence_level":0.95,"lower_bound":-0.10437090473262407,"upper_bound":-0.060207558335952135},"point_estimate":-0.08284499533041345,"standard_error":0.011287769824028614},"median":{"confidence_interval":{"confidence_level":0.95,"lower_bound":-0.11415333610109613,"upper_bound":-0.08087454218566316},"point_estimate":-0.09863748199692002,"standard_error":0.008876308663130024}}