{"mean":{"confidence_interval":{"confidence_level":0.95,"lower_bound":-0.03401214237071637,"upper_bound":-0.006410922238136447},"point_estimate":-0.01999724027590044,"standard_error":0.0070172838631753845},"median":{"confidence_interval":{"confidence_level":0.95,"lower_bound":-0.03535162231591016,"upper_bound":-0.005056720943179771},"point_estimate":-0.01910013653543363,"standard_error":0.007517220149918736}}