{"mean":{"confidence_interval":{"confidence_level":0.95,"lower_bound":0.019840949783562895,"upper_bound":0.04188198000035176},"point_estimate":0.031131446426568843,"standard_error":0.00562186065172442},"median":{"confidence_interval":{"confidence_level":0.95,"lower_bound":0.021282083312615867,"upper_bound":0.0509623501771898},"point_estimate":0.0374050279175735,"standard_error":0.0072712740454936985}}