{"mean":{"confidence_interval":{"confidence_level":0.95,"lower_bound":-0.023370450470553663,"upper_bound":0.011022660046085276},"point_estimate":-0.005238332040958804,"standard_error":0.008748313741739176},"median":{"confidence_interval":{"confidence_level":0.95,"lower_bound":-0.017781595984965315,"upper_bound":0.0003103177323216895},"point_estimate":-0.010171094574255357,"standard_error":0.0044554999840815636}}