{"mean":{"confidence_interval":{"confidence_level":0.95,"lower_bound":-0.024422853566483636,"upper_bound":0.03228534741383798},"point_estimate":0.004252949442803411,"standard_error":0.014289986203764147},"median":{"confidence_interval":{"confidence_level":0.95,"lower_bound":-0.002726236572855978,"upper_bound":0.020937222859580773},"point_estimate":0.011304897494247346,"standard_error":0.005998949143843022}}