{"mean":{"confidence_interval":{"confidence_level":0.95,"lower_bound":-0.036154560056860775,"upper_bound":-0.010192285379299127},"point_estimate":-0.02299973905549646,"standard_error":0.006596873468008482},"median":{"confidence_interval":{"confidence_level":0.95,"lower_bound":-0.03967132593710421,"upper_bound":-0.0025822984073701205},"point_estimate":-0.02448269705613093,"standard_error":0.009344217783918921}}