{"mean":{"confidence_interval":{"confidence_level":0.95,"lower_bound":-0.20280620568890367,"upper_bound":0.2569867192559075},"point_estimate":-0.01475175040418375,"standard_error":0.11719091566877646},"median":{"confidence_interval":{"confidence_level":0.95,"lower_bound":-0.09355870411440309,"upper_bound":0.09736846982995817},"point_estimate":-0.007222111109232099,"standard_error":0.9877189165659209}}