{"mean":{"confidence_interval":{"confidence_level":0.95,"lower_bound":-0.06036987372046489,"upper_bound":-0.021007237835952767},"point_estimate":-0.038585642550206245,"standard_error":0.010142186696227245},"median":{"confidence_interval":{"confidence_level":0.95,"lower_bound":-0.04702506372257609,"upper_bound":-0.024199240313727333},"point_estimate":-0.03954987054706249,"standard_error":0.005818956467027741}}