{"mean":{"confidence_interval":{"confidence_level":0.95,"lower_bound":-0.036295258139409654,"upper_bound":-0.013595893090121892},"point_estimate":-0.025105548996269822,"standard_error":0.005798478787649818},"median":{"confidence_interval":{"confidence_level":0.95,"lower_bound":-0.030984257250969875,"upper_bound":-0.0063806107582602386},"point_estimate":-0.017006213276140603,"standard_error":0.006015776451926884}}