{"mean":{"confidence_interval":{"confidence_level":0.95,"lower_bound":-0.033516179042377345,"upper_bound":0.04213464197534875},"point_estimate":0.003348511539421395,"standard_error":0.018841197443263125},"median":{"confidence_interval":{"confidence_level":0.95,"lower_bound":-0.00812762220086194,"upper_bound":0.015776689985191883},"point_estimate":0.0040643108118796345,"standard_error":0.005568589735307432}}