{"mean":{"confidence_interval":{"confidence_level":0.95,"lower_bound":-0.18748558669558077,"upper_bound":0.34669910502325446},"point_estimate":0.02627511975855268,"standard_error":0.13578560097197706},"median":{"confidence_interval":{"confidence_level":0.95,"lower_bound":-0.08827277185727678,"upper_bound":0.1679279928157036},"point_estimate":0.03118095260497844,"standard_error":0.33011826364853514}}